00:00, 11.8, 34.0
00:01, 11.8, 34.0
00:02, 11.8, 33.9
00:03, 11.8, 34.0
00:04, 11.8, 34.0
00:05, 11.8, 34.0
00:06, 11.8, 34.0
00:07, 11.8, 33.9
00:08, 11.8, 33.7
00:09, 11.8, 33.7
00:10, 11.6, 33.9
00:11, 11.6, 34.0
00:12, 11.6, 34.0
00:13, 11.6, 34.0
00:14, 11.6, 33.9
00:15, 11.6, 33.7
00:16, 11.6, 33.7
00:17, 11.6, 33.7
00:18, 11.6, 33.7
00:19, 11.6, 33.7
00:20, 11.6, 33.7
00:21, 11.6, 33.7
00:22, 11.6, 33.7
00:23, 11.6, 33.5
00:24, 11.6, 33.5
00:25, 11.6, 33.5
00:26, 11.5, 33.7
00:27, 11.6, 33.7
00:28, 11.5, 33.7
00:29, 11.6, 33.7
00:30, 11.6, 33.5
00:31, 11.6, 33.5
00:32, 11.5, 33.5
00:33, 11.5, 33.5
00:34, 11.3, 33.5
00:35, 11.5, 33.5
00:36, 11.5, 33.5
00:37, 11.5, 33.5
00:38, 11.5, 33.5
00:39, 11.5, 33.5
00:40, 11.3, 33.4
00:41, 11.3, 33.5
00:42, 11.3, 33.4
00:43, 11.3, 33.4
00:44, 11.3, 33.2
00:45, 11.3, 33.2
00:46, 11.3, 33.2
00:47, 11.3, 33.2
00:48, 11.3, 33.2
00:49, 11.3, 33.2
00:50, 11.3, 33.4
00:51, 11.3, 33.2
00:52, 11.3, 33.2
00:53, 11.3, 33.2
00:54, 11.3, 33.0
00:55, 11.3, 33.2
00:56, 11.3, 33.2
00:57, 11.3, 33.2
00:58, 11.3, 33.0
00:59, 11.3, 33.0
01:00, 11.3, 33.0
01:01, 11.3, 33.0
01:02, 11.1, 33.0
01:03, 11.1, 33.0
01:04, 11.1, 33.0
01:05, 11.1, 33.0
01:06, 11.1, 33.0
01:07, 11.1, 32.9
01:08, 11.1, 32.9
01:09, 11.1, 32.9
01:10, 11.1, 33.0
01:11, 11.1, 33.0
01:12, 11.1, 33.0
01:13, 11.1, 33.0
01:14, 11.1, 32.9
01:15, 11.1, 32.9
01:16, 11.1, 32.9
01:17, 11.0, 32.9
01:18, 11.0, 32.9
01:19, 11.0, 32.9
01:20, 11.0, 32.9
01:21, 11.1, 33.0
01:22, 11.1, 32.9
01:23, 11.0, 32.7
01:24, 11.0, 32.7
01:25, 11.0, 32.9
01:26, 10.8, 33.0
01:27, 11.0, 32.9
01:28, 11.0, 32.9
01:29, 11.0, 32.7
01:30, 10.8, 32.7
01:31, 10.8, 32.9
01:32, 10.8, 32.9
01:33, 10.8, 33.0
01:34, 10.8, 32.9
01:35, 10.8, 32.9
01:36, 10.8, 32.9
01:37, 10.8, 32.9
01:38, 10.8, 32.9
01:39, 10.8, 32.9
01:40, 10.8, 33.0
01:41, 10.8, 32.9
01:42, 10.8, 32.9
01:43, 10.8, 32.9
01:44, 10.8, 32.7
01:45, 10.8, 32.9
01:46, 10.8, 33.0
01:47, 10.8, 32.9
01:48, 10.8, 32.9
01:49, 10.8, 32.9
01:50, 10.8, 32.9
01:51, 10.8, 32.7
01:52, 10.8, 32.7
01:53, 10.8, 32.9
01:54, 10.8, 32.9
01:55, 10.8, 32.9
01:56, 10.8, 32.9
01:57, 10.8, 32.7
01:58, 10.8, 32.9
01:59, 10.8, 32.9
02:00, 10.6, 32.9
02:01, 10.6, 33.0
02:02, 10.6, 33.0
02:03, 10.6, 33.0
02:04, 10.6, 32.9
02:05, 10.6, 32.9
02:06, 10.6, 32.9
02:07, 10.6, 33.0
02:08, 10.6, 33.0
02:09, 10.6, 33.0
02:10, 10.6, 33.0
02:11, 10.6, 32.9
02:12, 10.6, 32.9
02:13, 10.6, 32.9
02:14, 10.6, 32.7
02:15, 10.6, 32.7
02:16, 10.6, 32.7
02:17, 10.6, 32.9
02:18, 10.6, 32.9
02:19, 10.6, 32.7
02:20, 10.6, 32.7
02:21, 10.6, 32.7
02:22, 10.6, 32.7
02:23, 10.6, 32.9
02:24, 10.6, 32.7
02:25, 10.6, 32.7
02:26, 10.6, 32.7
02:27, 10.6, 32.7
02:28, 10.6, 32.7
02:29, 10.5, 32.9
02:30, 10.5, 33.0
02:31, 10.5, 32.9
02:32, 10.5, 32.7
02:33, 10.6, 32.7
02:34, 10.6, 32.7
02:35, 10.5, 32.7
02:36, 10.5, 32.7
02:37, 10.5, 32.7
02:38, 10.5, 32.7
02:39, 10.5, 32.7
02:40, 10.5, 32.7
02:41, 10.5, 32.7
02:42, 10.5, 32.7
02:43, 10.5, 32.7
02:44, 10.3, 32.7
02:45, 10.3, 32.7
02:46, 10.5, 32.7
02:47, 10.5, 32.7
02:48, 10.5, 32.7
02:49, 10.3, 32.5
02:50, 10.3, 32.5
02:51, 10.3, 32.7
02:52, 10.3, 32.7
02:53, 10.3, 32.7
02:54, 10.3, 32.7
02:55, 10.3, 32.7
02:56, 10.3, 32.7
02:57, 10.3, 32.7
02:58, 10.3, 32.7
02:59, 10.3, 32.7
03:00, 10.3, 32.7
03:01, 10.3, 32.5
03:02, 10.3, 32.5
03:03, 10.3, 32.5
03:04, 10.3, 32.5
03:05, 10.3, 32.7
03:06, 10.3, 32.7
03:07, 10.3, 32.7
03:08, 10.3, 32.5
03:09, 10.3, 32.5
03:10, 10.3, 32.5
03:11, 10.3, 32.5
03:12, 10.3, 32.5
03:13, 10.3, 32.5
03:14, 10.3, 32.5
03:15, 10.3, 32.5
03:16, 10.3, 32.5
03:17, 10.3, 32.5
03:18, 10.3, 32.5
03:19, 10.1, 32.5
03:20, 10.1, 32.5
03:21, 10.1, 32.5
03:22, 10.3, 32.5
03:23, 10.3, 32.5
03:24, 10.1, 32.5
03:25, 10.1, 32.5
03:26, 10.1, 32.5
03:27, 10.1, 32.7
03:28, 10.1, 32.7
03:29, 10.1, 32.5
03:30, 10.1, 32.5
03:31, 10.1, 32.5
03:32, 10.1, 32.5
03:33, 10.1, 32.5
03:34, 10.1, 32.5
03:35, 10.1, 32.5
03:36, 10.1, 32.5
03:37, 10.1, 32.5
03:38, 10.1, 32.5
03:39, 10.1, 32.5
03:40, 10.1, 32.5
03:41, 10.1, 32.7
03:42, 10.1, 32.7
03:43, 10.1, 32.5
03:44, 10.1, 32.5
03:45, 10.1, 32.5
03:46, 10.1, 32.5
03:47, 10.1, 32.7
03:48, 10.1, 32.7
03:49, 10.1, 32.7
03:50, 10.1, 32.7
03:51, 10.1, 32.5
03:52, 10.1, 32.5
03:53, 10.1, 32.7
03:54, 10.1, 32.7
03:55, 10.1, 32.7
03:56, 10.1, 32.7
03:57, 10.1, 32.7
03:58, 10.1, 32.7
03:59, 10.1, 32.7
04:00, 10.1, 32.7
04:01, 10.1, 32.7
04:02, 10.1, 32.7
04:03, 10.1, 32.7
04:04, 10.1, 32.7
04:05, 10.1, 32.7
04:06, 10.1, 32.7
04:07, 10.1, 32.7
04:08, 10.1, 32.7
04:09, 10.1, 32.9
04:10, 10.1, 32.9
04:11, 10.1, 32.9
04:12, 10.1, 32.9
04:13, 10.1, 32.9
04:14, 10.0, 32.7
04:15, 10.0, 32.9
04:16, 10.0, 32.9
04:17, 10.1, 33.0
04:18, 10.1, 32.9
04:19, 10.1, 32.9
04:20, 10.1, 32.9
04:21, 10.1, 33.0
04:22, 10.0, 33.0
04:23, 10.0, 33.0
04:24, 10.0, 33.0
04:25, 10.1, 33.0
04:26, 10.0, 32.7
04:27, 10.0, 32.7
04:28, 10.0, 32.9
04:29, 10.0, 32.9
04:30, 10.0, 32.9
04:31, 10.0, 33.0
04:32, 10.0, 33.0
04:33, 10.0, 33.0
04:34, 10.0, 33.0
04:35, 10.0, 33.0
04:36, 10.0, 33.0
04:37, 10.0, 33.2
04:38,  9.8, 33.2
04:39,  9.8, 33.2
04:40, 10.0, 33.0
04:41,  9.8, 33.0
04:42, 10.0, 33.0
04:43, 10.0, 33.2
04:44,  9.8, 33.2
04:45,  9.8, 33.2
04:46, 10.0, 33.2
04:47, 10.0, 33.2
04:48, 10.0, 33.2
04:49,  9.8, 33.2
04:50,  9.8, 33.4
04:51,  9.8, 33.4
04:52,  9.8, 33.4
04:53,  9.8, 33.4
04:54, 10.0, 33.2
04:55,  9.8, 33.2
04:56,  9.8, 33.2
04:57,  9.8, 33.2
04:58,  9.8, 33.4
04:59,  9.8, 33.4
05:00,  9.8, 33.4
05:01,  9.8, 33.2
05:02,  9.8, 33.2
05:03,  9.8, 33.2
05:04,  9.8, 33.2
05:05,  9.8, 33.4
05:06,  9.8, 33.4
05:07,  9.8, 33.2
05:08,  9.8, 33.2
05:09,  9.8, 33.2
05:10,  9.8, 33.2
05:11,  9.8, 33.4
05:12,  9.8, 33.4
05:13,  9.8, 33.5
05:14,  9.8, 33.5
05:15,  9.8, 33.4
05:16,  9.8, 33.4
05:17,  9.8, 33.4
05:18,  9.8, 33.4
05:19,  9.8, 33.4
05:20,  9.8, 33.4
05:21,  9.8, 33.4
05:22,  9.8, 33.5
05:23,  9.8, 33.4
05:24,  9.8, 33.4
05:25,  9.8, 33.5
05:26,  9.8, 33.5
05:27,  9.8, 33.5
05:28,  9.8, 33.5
05:29,  9.8, 33.7
05:30,  9.8, 33.5
05:31,  9.8, 33.5
05:32,  9.8, 33.5
05:33,  9.8, 33.7
05:34,  9.8, 33.7
05:35,  9.8, 33.7
05:36,  9.8, 33.7
05:37,  9.8, 33.7
05:38,  9.8, 33.7
05:39,  9.8, 33.9
05:40,  9.8, 33.9
05:41,  9.8, 34.0
05:42,  9.8, 34.0
05:43,  9.8, 33.9
05:44,  9.8, 33.9
05:45,  9.8, 34.0
05:46,  9.8, 34.0
05:47,  9.8, 34.0
05:48,  9.6, 34.2
05:49,  9.8, 34.2
05:50,  9.8, 34.0
05:51,  9.8, 34.2
05:52,  9.8, 34.2
05:53,  9.8, 34.2
05:54,  9.6, 34.4
05:55,  9.6, 34.4
05:56,  9.6, 34.2
05:57,  9.8, 34.4
05:58,  9.8, 34.4
05:59,  9.6, 34.5
06:00,  9.6, 34.5
06:01,  9.6, 34.5
06:02,  9.6, 34.7
06:03,  9.8, 34.7
06:04,  9.8, 34.5
06:05,  9.8, 34.7
06:06,  9.8, 34.7
06:07,  9.6, 34.7
06:08,  9.6, 34.7
06:09,  9.6, 34.9
06:10,  9.6, 34.9
06:11,  9.8, 34.9
06:12,  9.8, 34.9
06:13,  9.6, 35.0
06:14,  9.6, 35.0
06:15,  9.6, 35.0
06:16,  9.6, 35.0
06:17,  9.6, 35.0
06:18,  9.6, 35.0
06:19,  9.6, 35.0
06:20,  9.6, 35.0
06:21,  9.6, 35.0
06:22,  9.6, 35.2
06:23,  9.6, 35.2
06:24,  9.6, 35.2
06:25,  9.6, 35.0
06:26,  9.6, 35.2
06:27,  9.6, 35.2
06:28,  9.6, 35.2
06:29,  9.6, 35.4
06:30,  9.6, 35.4
06:31,  9.6, 35.4
06:32,  9.6, 35.4
06:33,  9.6, 35.4
06:34,  9.6, 35.5
06:35,  9.6, 35.5
06:36,  9.6, 35.5
06:37,  9.6, 35.7
06:38,  9.6, 35.7
06:39,  9.6, 35.7
06:40,  9.6, 35.7
06:41,  9.6, 35.7
06:42,  9.6, 36.0
06:43,  9.6, 36.0
06:44,  9.6, 36.0
06:45,  9.6, 36.0
06:46,  9.6, 36.2
06:47,  9.6, 36.2
06:48,  9.6, 36.4
06:49,  9.6, 36.4
06:50,  9.6, 36.5
06:51,  9.6, 36.5
06:52,  9.6, 36.5
06:53,  9.6, 36.7
06:54,  9.6, 36.7
06:55,  9.6, 36.7
06:56,  9.6, 37.0
06:57,  9.6, 37.0
06:58,  9.6, 37.0
06:59,  9.6, 37.0
07:00,  9.6, 37.0
07:01,  9.6, 37.2
07:02,  9.6, 37.2
07:03,  9.6, 37.2
07:04,  9.6, 37.2
07:05,  9.6, 37.2
07:06,  9.6, 37.2
07:07,  9.6, 37.2
07:08,  9.6, 37.2
07:09,  9.6, 37.5
07:10,  9.6, 37.5
07:11,  9.6, 37.5
07:12,  9.6, 37.5
07:13,  9.6, 37.7
07:14,  9.6, 37.7
07:15,  9.6, 37.7
07:16,  9.6, 37.7
07:17,  9.6, 37.7
07:18,  9.6, 37.9
07:19,  9.6, 37.9
07:20,  9.6, 37.9
07:21,  9.6, 38.0
07:22,  9.6, 38.0
07:23,  9.6, 38.0
07:24,  9.6, 38.0
07:25,  9.6, 38.2
07:26,  9.6, 38.2
07:27,  9.6, 38.2
07:28,  9.6, 38.2
07:29,  9.6, 38.2
07:30,  9.6, 38.2
07:31,  9.6, 38.4
07:32,  9.6, 38.5
07:33,  9.6, 38.5
07:34,  9.6, 38.5
07:35,  9.6, 38.5
07:36,  9.6, 38.5
07:37,  9.6, 38.7
07:38,  9.6, 38.7
07:39,  9.6, 38.9
07:40,  9.6, 38.9
07:41,  9.6, 38.7
07:42,  9.6, 38.9
07:43,  9.6, 38.9
07:44,  9.6, 39.0
07:45,  9.6, 39.0
07:46,  9.5, 39.2
07:47,  9.5, 39.2
07:48,  9.6, 39.2
07:49,  9.6, 39.2
07:50,  9.5, 39.2
07:51,  9.5, 39.4
07:52,  9.5, 39.4
07:53,  9.6, 39.4
07:54,  9.6, 39.2
07:55,  9.6, 39.4
07:56,  9.6, 39.4
07:57,  9.6, 39.4
07:58,  9.6, 39.4
07:59,  9.6, 39.5
08:00,  9.6, 39.5
08:01,  9.6, 39.7
08:02,  9.6, 39.5
08:03,  9.6, 39.7
08:04,  9.6, 39.7
08:05,  9.6, 39.7
08:06,  9.6, 39.9
08:07,  9.6, 40.0
08:08,  9.5, 39.9
08:09,  9.6, 39.7
08:10,  9.6, 39.9
08:11,  9.6, 40.0
08:12,  9.6, 40.0
08:13,  9.6, 40.0
08:14,  9.6, 40.2
08:15,  9.5, 40.2
08:16,  9.6, 40.0
08:17,  9.6, 40.0
08:18,  9.6, 40.2
08:19,  9.5, 40.4
08:20,  9.5, 40.5
08:21,  9.6, 40.5
08:22,  9.6, 40.5
08:23,  9.6, 40.4
08:24,  9.6, 40.5
08:25,  9.6, 40.5
08:26,  9.6, 40.5
08:27,  9.5, 40.5
08:28,  9.6, 40.5
08:29,  9.6, 40.5
08:30,  9.6, 40.5
08:31,  9.6, 40.7
08:32,  9.6, 40.7
08:33,  9.6, 40.7
08:34,  9.5, 40.9
08:35,  9.6, 40.9
08:36,  9.6, 40.9
08:37,  9.6, 40.9
08:38,  9.5, 41.0
08:39,  9.6, 41.0
08:40,  9.5, 41.2
08:41,  9.5, 41.2
08:42,  9.6, 41.0
08:43,  9.6, 41.0
08:44,  9.6, 41.0
08:45,  9.6, 41.0
08:46,  9.6, 40.9
08:47,  9.6, 40.7
08:48,  9.6, 40.7
08:49, 10.0, 40.2
08:50, 10.1, 39.7
08:51, 10.5, 39.5
08:52, 10.8, 39.0
08:53, 11.1, 38.7
08:54, 11.5, 38.5
08:55, 11.8, 38.7
08:56, 12.1, 38.7
08:57, 12.5, 38.5
08:58, 12.8, 38.7
08:59, 13.1, 38.7
09:00, 13.3, 38.5
09:01, 13.8, 38.7
09:02, 14.0, 38.2
09:03, 14.1, 38.2
09:04, 14.5, 38.0
09:05, 14.8, 37.7
09:06, 15.1, 37.5
09:07, 15.3, 37.5
09:08, 15.5, 37.2
09:09, 15.6, 37.0
09:10, 15.8, 37.0
09:11, 16.0, 37.2
09:12, 16.2, 37.0
09:13, 16.3, 37.2
09:14, 16.5, 37.2
09:15, 16.5, 37.2
09:16, 16.6, 37.2
09:17, 16.6, 37.5
09:18, 16.7, 37.9
09:19, 16.7, 37.7
09:20, 16.8, 37.7
09:21, 16.8, 38.2
09:22, 16.8, 38.2
09:23, 16.8, 38.0
09:24, 17.0, 38.2
09:25, 17.1, 38.0
09:26, 17.1, 38.2
09:27, 17.1, 38.5
09:28, 17.1, 38.9
09:29, 17.1, 38.9
09:30, 17.1, 38.9
09:31, 17.1, 39.2
09:32, 17.1, 39.0
09:33, 17.1, 39.2
09:34, 17.1, 40.0
09:35, 17.1, 39.7
09:36, 17.2, 39.2
09:37, 17.2, 39.5
09:38, 17.2, 39.5
09:39, 17.2, 39.5
09:40, 17.2, 39.2
09:41, 17.2, 39.2
09:42, 17.3, 39.2
09:43, 17.5, 39.5
09:44, 17.5, 39.5
09:45, 17.5, 39.2
09:46, 17.5, 39.7
09:47, 17.3, 39.5
09:48, 17.3, 39.7
09:49, 17.3, 40.0
09:50, 17.2, 39.5
09:51, 17.3, 40.4
09:52, 17.3, 40.2
09:53, 17.3, 40.2
09:54, 17.3, 40.2
09:55, 17.5, 40.2
09:56, 17.5, 40.5
09:57, 17.5, 40.2
09:58, 17.5, 39.9
09:59, 17.5, 40.4
10:00, 17.5, 40.4
10:01, 17.3, 40.2
10:02, 17.5, 40.2
10:03, 17.3, 39.9
10:04, 17.2, 39.9
10:05, 17.1, 41.0
10:06, 17.0, 41.5
10:07, 16.7, 41.5
10:08, 16.6, 42.4
10:09, 16.3, 43.2
10:10, 16.2, 44.0
10:11, 16.0, 45.2
10:12, 16.0, 46.4
10:13, 16.0, 46.9
10:14, 16.2, 46.0
10:15, 16.3, 44.5
10:16, 16.7, 42.5
10:17, 17.0, 41.2
10:18, 17.2, 40.2
10:19, 17.5, 39.2
10:20, 17.7, 38.2
10:21, 18.2, 37.2
10:22, 18.5, 36.4
10:23, 18.3, 35.9
10:24, 18.2, 36.0
10:25, 18.0, 36.0
10:26, 17.7, 36.4
10:27, 17.5, 37.2
10:28, 17.2, 38.0
10:29, 17.2, 38.4
10:30, 17.2, 38.2
10:31, 17.2, 38.0
10:32, 17.5, 37.5
10:33, 17.7, 37.2
10:34, 18.0, 36.5
10:35, 18.2, 36.0
10:36, 18.7, 35.2
10:37, 18.7, 34.7
10:38, 18.7, 34.0
10:39, 18.7, 34.5
10:40, 18.3, 34.2
10:41, 18.2, 35.0
10:42, 17.8, 35.4
10:43, 17.7, 35.9
10:44, 17.5, 36.2
10:45, 17.6, 36.5
10:46, 17.7, 36.4
10:47, 17.7, 36.2
10:48, 18.0, 35.9
10:49, 18.2, 35.4
10:50, 18.6, 35.0
10:51, 19.0, 34.0
10:52, 19.1, 33.2
10:53, 19.0, 33.0
10:54, 18.7, 33.0
10:55, 18.3, 33.2
10:56, 18.2, 34.0
10:57, 17.8, 35.0
10:58, 17.7, 35.9
10:59, 17.7, 36.0
11:00, 17.8, 36.2
11:01, 18.1, 35.9
11:02, 18.2, 35.4
11:03, 18.5, 35.2
11:04, 18.7, 34.4
11:05, 19.0, 33.5
11:06, 19.0, 33.4
11:07, 18.7, 33.2
11:08, 18.6, 33.5
11:09, 18.3, 34.0
11:10, 18.1, 34.9
11:11, 17.8, 35.4
11:12, 17.7, 35.7
11:13, 17.8, 35.7
11:14, 18.1, 35.7
11:15, 18.2, 35.5
11:16, 18.6, 34.9
11:17, 18.7, 34.4
11:18, 19.1, 34.0
11:19, 19.1, 33.5
11:20, 19.0, 33.5
11:21, 18.7, 33.4
11:22, 18.6, 33.7
11:23, 18.2, 34.4
11:24, 18.1, 35.2
11:25, 18.0, 35.2
11:26, 18.0, 35.5
11:27, 18.2, 35.5
11:28, 18.3, 35.2
11:29, 18.7, 34.4
11:30, 18.8, 34.0
11:31, 19.2, 33.5
11:32, 19.2, 32.9
11:33, 19.2, 32.7
11:34, 18.8, 33.0
11:35, 18.7, 33.0
11:36, 18.3, 33.7
11:37, 18.2, 34.5
11:38, 18.1, 35.2
11:39, 18.0, 35.4
11:40, 17.8, 35.9
11:41, 17.7, 35.9
11:42, 17.6, 36.0
11:43, 17.3, 36.2
11:44, 17.2, 36.9
11:45, 17.2, 37.2
11:46, 17.5, 36.7
11:47, 17.6, 36.4
11:48, 17.8, 36.0
11:49, 18.2, 35.7
11:50, 18.5, 35.0
11:51, 18.8, 34.2
11:52, 19.2, 33.5
11:53, 19.2, 32.7
11:54, 19.2, 32.5
11:55, 19.0, 32.7
11:56, 18.7, 32.9
11:57, 18.6, 33.5
11:58, 18.2, 34.4
11:59, 18.2, 35.2
12:00, 18.1, 35.4
12:01, 18.2, 35.5
12:02, 18.3, 35.2
12:03, 18.6, 34.9
12:04, 18.7, 34.7
12:05, 19.1, 34.2
12:06, 19.1, 33.5
12:07, 19.1, 33.7
12:08, 19.0, 33.7
12:09, 18.7, 34.0
12:10, 18.5, 35.0
12:11, 18.3, 35.2
12:12, 18.2, 35.4
12:13, 18.3, 35.5
12:14, 18.5, 35.2
12:15, 18.7, 35.2
12:16, 18.8, 34.7
12:17, 19.2, 34.5
12:18, 19.3, 33.7
12:19, 19.3, 33.5
12:20, 19.2, 33.2
12:21, 19.0, 33.5
12:22, 18.7, 33.9
12:23, 18.6, 34.5
12:24, 18.5, 35.0
12:25, 18.3, 35.0
12:26, 18.5, 35.2
12:27, 18.6, 35.0
12:28, 18.8, 34.7
12:29, 19.2, 34.2
12:30, 19.5, 33.7
12:31, 19.6, 32.9
12:32, 19.5, 32.7
12:33, 19.2, 32.7
12:34, 19.1, 33.0
12:35, 18.8, 33.5
12:36, 18.7, 34.2
12:37, 18.5, 34.7
12:38, 18.6, 35.0
12:39, 18.7, 34.5
12:40, 18.7, 34.5
12:41, 19.0, 34.4
12:42, 19.2, 33.7
12:43, 19.3, 33.2
12:44, 19.3, 33.0
12:45, 19.2, 33.0
12:46, 19.1, 32.9
12:47, 18.8, 33.2
12:48, 18.7, 33.9
12:49, 18.6, 34.2
12:50, 18.5, 34.7
12:51, 18.5, 34.5
12:52, 18.7, 34.7
12:53, 18.8, 34.5
12:54, 19.2, 34.0
12:55, 19.5, 33.2
12:56, 19.6, 32.5
12:57, 19.5, 32.5
12:58, 19.2, 32.4
12:59, 19.1, 32.5
13:00, 18.7, 33.0
13:01, 18.7, 33.9
13:02, 18.6, 34.5
13:03, 18.7, 34.9
13:04, 18.7, 34.5
13:05, 19.0, 34.2
13:06, 19.0, 33.5
13:07, 19.0, 33.7
13:08, 18.7, 34.0
13:09, 18.7, 34.0
13:10, 18.6, 34.0
13:11, 18.5, 34.5
13:12, 18.7, 34.7
13:13, 18.7, 34.4
13:14, 19.0, 34.0
13:15, 19.2, 33.7
13:16, 19.5, 32.9
13:17, 19.6, 32.5
13:18, 19.5, 32.2
13:19, 19.2, 32.2
13:20, 19.0, 32.9
13:21, 18.8, 33.5
13:22, 18.7, 34.0
13:23, 18.7, 34.2
13:24, 18.7, 34.2
13:25, 18.8, 34.2
13:26, 19.1, 34.0
13:27, 19.2, 33.5
13:28, 19.6, 32.7
13:29, 19.6, 32.5
13:30, 19.5, 32.2
13:31, 19.2, 32.4
13:32, 19.1, 33.0
13:33, 18.8, 33.5
13:34, 18.7, 34.2
13:35, 18.7, 34.4
13:36, 18.8, 34.2
13:37, 19.1, 34.0
13:38, 19.2, 33.7
13:39, 19.6, 33.0
13:40, 19.7, 32.5
13:41, 19.7, 32.0
13:42, 19.7, 31.7
13:43, 19.5, 32.0
13:44, 19.2, 32.5
13:45, 19.0, 32.9
13:46, 18.8, 33.7
13:47, 18.8, 34.0
13:48, 19.0, 34.0
13:49, 19.2, 33.7
13:50, 19.3, 33.2
13:51, 19.7, 32.9
13:52, 19.7, 32.5
13:53, 19.7, 32.0
13:54, 19.5, 32.0
13:55, 19.2, 32.2
13:56, 19.1, 32.9
13:57, 19.0, 33.5
13:58, 18.8, 33.9
13:59, 19.0, 34.0
14:00, 19.1, 33.7
14:01, 19.2, 33.5
14:02, 19.5, 33.0
14:03, 19.7, 32.2
14:04, 19.7, 32.0
14:05, 19.7, 31.7
14:06, 19.6, 31.7
14:07, 19.2, 32.2
14:08, 19.1, 33.0
14:09, 19.0, 33.5
14:10, 19.0, 33.7
14:11, 19.0, 33.7
14:12, 19.2, 33.5
14:13, 19.5, 33.5
14:14, 19.7, 32.7
14:15, 20.0, 32.0
14:16, 20.0, 31.7
14:17, 19.7, 31.3
14:18, 19.6, 31.7
14:19, 19.3, 32.2
14:20, 19.2, 33.0
14:21, 19.2, 33.2
14:22, 19.2, 33.4
14:23, 19.5, 33.2
14:24, 19.6, 33.0
14:25, 19.8, 32.4
14:26, 20.1, 31.8
14:27, 20.1, 31.6
14:28, 20.0, 31.2
14:29, 19.7, 31.3
14:30, 19.5, 31.8
14:31, 19.3, 32.2
14:32, 19.2, 32.9
14:33, 19.2, 33.2
14:34, 19.1, 33.4
14:35, 19.0, 33.0
14:36, 18.8, 33.0
14:37, 18.7, 33.7
14:38, 18.7, 33.5
14:39, 18.7, 33.9
14:40, 18.8, 33.7
14:41, 19.1, 33.5
14:42, 19.3, 33.0
14:43, 19.7, 32.7
14:44, 20.0, 31.7
14:45, 20.0, 31.2
14:46, 19.8, 31.0
14:47, 19.7, 31.1
14:48, 19.5, 31.6
14:49, 19.2, 32.2
14:50, 19.2, 32.7
14:51, 19.2, 32.7
14:52, 19.3, 32.7
14:53, 19.6, 32.5
14:54, 19.8, 31.8
14:55, 20.1, 31.5
14:56, 20.1, 31.1
14:57, 20.0, 30.6
14:58, 19.7, 30.8
14:59, 19.5, 31.3
15:00, 19.2, 32.0
15:01, 19.2, 32.4
15:02, 19.2, 32.5
15:03, 19.2, 32.7
15:04, 19.6, 32.7
15:05, 19.8, 32.0
15:06, 20.1, 31.3
15:07, 20.1, 31.1
15:08, 20.0, 30.6
15:09, 19.7, 30.7
15:10, 19.6, 31.1
15:11, 19.3, 31.7
15:12, 19.2, 32.4
15:13, 19.2, 32.7
15:14, 19.3, 32.5
15:15, 19.6, 32.2
15:16, 19.7, 32.0
15:17, 20.1, 31.5
15:18, 20.2, 30.8
15:19, 20.1, 30.2
15:20, 20.0, 30.1
15:21, 19.7, 30.3
15:22, 19.5, 31.1
15:23, 19.3, 31.7
15:24, 19.5, 32.5
15:25, 19.6, 32.0
15:26, 19.7, 31.8
15:27, 20.1, 31.3
15:28, 20.2, 30.7
15:29, 20.3, 30.1
15:30, 20.3, 29.7
15:31, 20.2, 29.7
15:32, 20.0, 30.0
15:33, 19.7, 30.5
15:34, 19.6, 31.3
15:35, 19.5, 32.0
15:36, 19.6, 32.0
15:37, 19.7, 32.5
15:38, 20.1, 32.5
15:39, 20.2, 32.2
15:40, 20.2, 32.0
15:41, 20.1, 32.5
15:42, 20.0, 33.2
15:43, 19.7, 34.2
15:44, 19.7, 34.5
15:45, 19.5, 35.5
15:46, 19.6, 35.7
15:47, 19.7, 35.7
15:48, 20.0, 34.9
15:49, 20.2, 34.2
15:50, 20.3, 34.2
15:51, 20.3, 34.5
15:52, 20.2, 34.5
15:53, 20.0, 34.9
15:54, 19.8, 35.2
15:55, 19.7, 35.7
15:56, 19.5, 36.5
15:57, 19.3, 37.2
15:58, 19.2, 37.4
15:59, 19.2, 38.0
16:00, 19.0, 38.2
16:01, 18.8, 38.7
16:02, 18.7, 39.2
16:03, 18.7, 39.0
16:04, 19.0, 38.7
16:05, 19.1, 38.0
16:06, 19.5, 37.5
16:07, 19.7, 36.2
16:08, 20.0, 36.0
16:09, 20.0, 35.9
16:10, 19.8, 36.4
16:11, 19.7, 36.5
16:12, 19.5, 37.0
16:13, 19.2, 37.2
16:14, 19.2, 37.9
16:15, 19.2, 37.2
16:16, 19.5, 37.0
16:17, 19.7, 36.7
16:18, 20.0, 36.2
16:19, 20.2, 36.0
16:20, 20.2, 35.9
16:21, 20.1, 36.5
16:22, 20.0, 36.4
16:23, 19.7, 36.9
16:24, 19.6, 37.2
16:25, 19.3, 38.0
16:26, 19.2, 38.5
16:27, 19.3, 38.5
16:28, 19.6, 38.0
16:29, 20.0, 37.5
16:30, 20.2, 36.7
16:31, 20.2, 36.7
16:32, 20.1, 36.7
16:33, 19.8, 37.2
16:34, 19.7, 37.7
16:35, 19.5, 38.0
16:36, 19.2, 38.4
16:37, 19.2, 38.9
16:38, 19.3, 38.0
16:39, 19.6, 37.7
16:40, 19.8, 36.7
16:41, 20.1, 36.5
16:42, 20.1, 36.2
16:43, 20.0, 36.2
16:44, 19.8, 36.0
16:45, 19.7, 37.0
16:46, 19.5, 37.2
16:47, 19.2, 37.7
16:48, 19.2, 37.7
16:49, 19.2, 37.7
16:50, 19.6, 36.9
16:51, 19.7, 36.2
16:52, 19.8, 35.7
16:53, 20.0, 36.0
16:54, 20.1, 35.9
16:55, 20.1, 35.2
16:56, 20.1, 35.5
16:57, 20.2, 35.0
16:58, 20.2, 34.5
16:59, 20.2, 34.2
17:00, 20.2, 34.2
17:01, 20.2, 34.2
17:02, 20.2, 34.0
17:03, 20.1, 33.9
17:04, 20.0, 34.0
17:05, 20.0, 34.4
17:06, 20.2, 34.2
17:07, 20.3, 33.9
17:08, 20.3, 33.5
17:09, 20.2, 34.0
17:10, 20.1, 34.4
17:11, 20.1, 35.0
17:12, 20.1, 35.0
17:13, 20.2, 34.2
17:14, 20.2, 34.2
17:15, 20.2, 33.9
17:16, 20.2, 34.2
17:17, 20.1, 33.9
17:18, 20.1, 33.7
17:19, 20.1, 34.0
17:20, 20.1, 34.0
17:21, 20.2, 33.7
17:22, 20.3, 33.7
17:23, 20.3, 33.7
17:24, 20.2, 33.7
17:25, 20.1, 34.4
17:26, 19.8, 34.9
17:27, 19.7, 35.9
17:28, 19.5, 35.9
17:29, 19.2, 36.0
17:30, 19.1, 36.4
17:31, 19.1, 37.7
17:32, 19.0, 38.2
17:33, 19.1, 38.5
17:34, 19.1, 38.7
17:35, 19.2, 39.0
17:36, 19.2, 38.7
17:37, 19.5, 37.7
17:38, 19.7, 37.0
17:39, 20.0, 36.0
17:40, 20.2, 35.7
17:41, 20.1, 36.0
17:42, 19.7, 36.2
17:43, 19.7, 36.4
17:44, 19.5, 37.7
17:45, 19.2, 37.5
17:46, 19.2, 38.5
17:47, 19.2, 38.0
17:48, 19.5, 37.7
17:49, 19.7, 37.0
17:50, 20.0, 36.5
17:51, 20.1, 36.5
17:52, 20.0, 36.4
17:53, 19.8, 36.9
17:54, 19.7, 36.9
17:55, 19.5, 37.5
17:56, 19.2, 38.0
17:57, 19.2, 38.2
17:58, 19.2, 38.2
17:59, 19.3, 37.7
18:00, 19.6, 37.2
18:01, 19.8, 37.5
18:02, 20.0, 37.2
18:03, 20.1, 37.2
18:04, 20.0, 37.5
18:05, 20.0, 37.7
18:06, 20.0, 37.5
18:07, 20.0, 37.2
18:08, 19.8, 37.0
18:09, 19.7, 36.7
18:10, 19.7, 36.9
18:11, 19.7, 37.2
18:12, 19.7, 37.0
18:13, 20.0, 37.0
18:14, 20.1, 36.7
18:15, 20.2, 36.2
18:16, 20.2, 36.5
18:17, 20.2, 37.0
18:18, 20.1, 37.2
18:19, 20.0, 37.5
18:20, 20.1, 37.7
18:21, 20.1, 37.2
18:22, 20.2, 36.7
18:23, 20.2, 36.7
18:24, 20.1, 36.7
18:25, 20.1, 36.9
18:26, 20.1, 36.9
18:27, 20.1, 37.0
18:28, 20.2, 36.7
18:29, 20.2, 36.5
18:30, 20.3, 36.2
18:31, 20.3, 36.7
18:32, 20.2, 36.9
18:33, 20.1, 37.7
18:34, 20.0, 38.2
18:35, 20.0, 37.9
18:36, 20.0, 38.0
18:37, 20.1, 37.5
18:38, 20.0, 37.7
18:39            
18:40            
18:41            
18:42            
18:43            
18:44            
18:45            
18:46            
18:47            
18:48            
18:49            
18:50            
18:51            
18:52            
18:53            
18:54            
18:55            
18:56            
18:57            
18:58            
18:59            
19:00            
19:01            
19:02            
19:03            
19:04            
19:05            
19:06            
19:07            
19:08            
19:09            
19:10            
19:11            
19:12            
19:13            
19:14            
19:15            
19:16            
19:17            
19:18            
19:19            
19:20            
19:21            
19:22            
19:23            
19:24            
19:25            
19:26            
19:27            
19:28            
19:29            
19:30            
19:31            
19:32            
19:33            
19:34            
19:35            
19:36            
19:37            
19:38            
19:39            
19:40            
19:41            
19:42            
19:43            
19:44            
19:45            
19:46            
19:47            
19:48            
19:49            
19:50            
19:51            
19:52            
19:53            
19:54            
19:55            
19:56            
19:57            
19:58            
19:59            
20:00            
20:01            
20:02            
20:03            
20:04            
20:05            
20:06            
20:07            
20:08            
20:09            
20:10            
20:11            
20:12            
20:13            
20:14            
20:15            
20:16            
20:17            
20:18            
20:19            
20:20            
20:21            
20:22            
20:23            
20:24            
20:25            
20:26            
20:27            
20:28            
20:29            
20:30            
20:31            
20:32            
20:33            
20:34            
20:35            
20:36            
20:37            
20:38            
20:39            
20:40            
20:41            
20:42            
20:43            
20:44            
20:45            
20:46            
20:47            
20:48            
20:49            
20:50            
20:51            
20:52            
20:53            
20:54            
20:55            
20:56            
20:57            
20:58            
20:59            
21:00            
21:01            
21:02            
21:03            
21:04            
21:05            
21:06            
21:07            
21:08            
21:09            
21:10            
21:11            
21:12            
21:13            
21:14            
21:15            
21:16            
21:17            
21:18            
21:19            
21:20            
21:21            
21:22            
21:23            
21:24            
21:25            
21:26            
21:27            
21:28            
21:29            
21:30            
21:31            
21:32            
21:33            
21:34            
21:35            
21:36            
21:37            
21:38            
21:39            
21:40            
21:41            
21:42            
21:43            
21:44            
21:45            
21:46            
21:47            
21:48            
21:49            
21:50            
21:51            
21:52            
21:53            
21:54            
21:55            
21:56            
21:57            
21:58            
21:59            
22:00            
22:01            
22:02            
22:03            
22:04            
22:05            
22:06            
22:07            
22:08            
22:09            
22:10            
22:11            
22:12            
22:13            
22:14            
22:15            
22:16            
22:17            
22:18            
22:19            
22:20            
22:21            
22:22            
22:23            
22:24            
22:25            
22:26            
22:27            
22:28            
22:29            
22:30            
22:31            
22:32            
22:33            
22:34            
22:35            
22:36            
22:37            
22:38            
22:39            
22:40            
22:41            
22:42            
22:43            
22:44            
22:45            
22:46            
22:47            
22:48            
22:49            
22:50            
22:51            
22:52            
22:53            
22:54            
22:55            
22:56            
22:57            
22:58            
22:59            
23:00            
23:01            
23:02            
23:03            
23:04            
23:05            
23:06            
23:07            
23:08            
23:09            
23:10            
23:11            
23:12            
23:13            
23:14            
23:15            
23:16            
23:17            
23:18            
23:19            
23:20            
23:21            
23:22            
23:23            
23:24            
23:25            
23:26            
23:27            
23:28            
23:29            
23:30            
23:31            
23:32            
23:33            
23:34            
23:35            
23:36            
23:37            
23:38            
23:39            
23:40            
23:41            
23:42            
23:43            
23:44            
23:45            
23:46            
23:47            
23:48            
23:49            
23:50            
23:51            
23:52            
23:53            
23:54            
23:55            
23:56            
23:57            
23:58            
23:59            
